,state,date,hybrid,inperson,virtual
0,california,2021-01-01,8.024958194455504,3.9001099991692323,88.07493180637526
1,california,2020-10-01,7.084996447694586,2.2720448903852657,90.64295866192015
2,california,2020-11-01,11.395454496880832,3.270292695487969,85.33425280763119
3,california,2020-12-01,10.163540488525587,3.159673112064291,86.67678639941012
10,california,2020-09-01,2.622208096498609,1.244444459765186,96.1333474437362
0,california,2020-01-01,0.0,0.0,0.0
1,california,2020-01-10,0.0,0.0,0.0
2,california,2020-01-11,0.0,100.0,0.0
3,california,2020-02-13,0.0,100.0,0.0
4,california,2020-02-14,0.0,0.0,0.0
5,california,2020-02-17,0.0,0.0,0.0
6,california,2020-02-18,0.0,100.0,0.0
7,california,2020-03-10,0.0,100.0,0.0
8,california,2020-03-19,0.0,0.0,100.0
9,california,2020-03-27,0.0,0.0,100.0
10,california,2020-03-30,0.0,0.0,0.0
11,california,2020-04-03,0.0,0.0,0.0
12,california,2020-04-06,0.0,0.0,100.0
13,california,2020-05-22,0.0,0.0,100.0
14,california,2020-05-25,0.0,0.0,0.0
15,california,2020-05-26,0.0,0.0,100.0
16,california,2020-06-11,0.0,0.0,100.0
17,california,2020-06-12,0.0,0.0,0.0
18,california,2020-08-11,0.0,0.0,0.0
19,california,2020-08-12,1.253411,0.565927,98.180662
20,california,2020-09-06,2.6222,1.2444,96.1333
21,california,2020-09-07,0.0,0.0,0.0
22,california,2020-09-24,0.0,0.0,0.0
23,california,2020-09-27,2.6222,1.2444,96.1333
24,california,2020-10-16,0.0,0.0,0.0
25,california,2020-10-17,7.084996,2.272045,90.642959
26,california,2020-11-11,0.0,0.0,0.0
27,california,2020-11-12,11.395454,3.270293,85.334253
28,california,2020-11-25,0.0,0.0,0.0
29,california,2020-11-27,0.0,0.0,0.0
30,california,2020-11-30,11.395454,3.270293,85.334253
31,california,2020-12-21,0.0,0.0,0.0
4,connecticut,2020-11-16,45.45008555154104,35.227731969334144,19.322182479124823
5,connecticut,2020-11-30,23.693655111679444,30.25307573372259,46.05326915459797
6,connecticut,2020-12-14,33.081805770858594,32.92980350288824,33.988390726253165
7,connecticut,2020-12-07,33.181934248966044,35.18229213790386,31.6357736131301
0,connecticut,2020-01-01,0.0,0.0,0.0
1,connecticut,2020-01-02,0.0,100.0,0.0
2,connecticut,2020-01-17,0.0,100.0,0.0
3,connecticut,2020-01-20,0.0,0.0,0.0
4,connecticut,2020-01-21,0.0,100.0,0.0
5,connecticut,2020-02-13,0.0,100.0,0.0
6,connecticut,2020-02-17,0.0,0.0,0.0
7,connecticut,2020-02-18,0.0,0.0,0.0
8,connecticut,2020-02-19,0.0,100.0,0.0
9,connecticut,2020-03-03,0.0,100.0,0.0
10,connecticut,2020-03-04,0.0,0.0,0.0
11,connecticut,2020-03-05,0.0,100.0,0.0
12,connecticut,2020-03-17,0.0,0.0,100.0
13,connecticut,2020-04-09,0.0,0.0,100.0
14,connecticut,2020-04-10,0.0,0.0,0.0
15,connecticut,2020-04-17,0.0,0.0,0.0
16,connecticut,2020-04-20,0.0,0.0,100.0
17,connecticut,2020-05-19,0.0,0.0,100.0
18,connecticut,2020-05-20,0.0,0.0,0.0
19,connecticut,2020-05-21,0.0,0.0,100.0
20,connecticut,2020-05-22,0.0,0.0,100.0
21,connecticut,2020-05-25,0.0,0.0,0.0
22,connecticut,2020-05-26,0.0,0.0,100.0
23,connecticut,2020-06-05,0.0,0.0,100.0
24,connecticut,2020-06-08,0.0,0.0,0.0
25,connecticut,2020-08-31,0.0,0.0,0.0
26,connecticut,2020-09-01,0.0,0.0,100.0
27,connecticut,2020-09-04,0.0,0.0,100.0
28,connecticut,2020-09-07,0.0,0.0,0.0
29,connecticut,2020-09-08,0.0,0.0,100.0
30,connecticut,2020-09-27,0.0,0.0,100.0
31,connecticut,2020-09-28,0.0,0.0,0.0
32,connecticut,2020-09-29,0.0,0.0,100.0
33,connecticut,2020-11-10,0.0,0.0,100.0
34,connecticut,2020-11-11,0.0,0.0,0.0
35,connecticut,2020-11-12,0.0,0.0,100.0
36,connecticut,2020-11-26,0.0,0.0,0.0
37,connecticut,2020-11-27,0.0,0.0,0.0
38,connecticut,2020-11-30,23.693655,30.253076,46.053269
39,connecticut,2020-12-24,0.0,0.0,0.0
0,illinois,2021-01-01,44.40590791356908,17.22157029545172,38.3725217909792
1,illinois,2020-10-01,30.78659518688347,19.59039977045171,49.62300504266482
2,illinois,2020-11-01,34.58402685541675,16.356305026423893,49.05966811815935
3,illinois,2020-12-01,17.57981160881851,14.897867838998119,67.52232055218337
10,illinois,2020-09-01,19.224777094693422,18.714574728618743,62.06064817668783
0,illinois,2020-01-01,0.0,0.0,0.0
1,illinois,2020-01-03,0.0,0.0,0.0
2,illinois,2020-01-06,0.0,100.0,0.0
3,illinois,2020-01-17,0.0,100.0,0.0
4,illinois,2020-01-20,0.0,0.0,0.0
5,illinois,2020-01-21,0.0,100.0,0.0
6,illinois,2020-01-30,0.0,100.0,0.0
7,illinois,2020-01-31,0.0,0.0,0.0
8,illinois,2020-02-01,0.0,100.0,0.0
9,illinois,2020-02-13,0.0,100.0,0.0
10,illinois,2020-02-17,0.0,0.0,0.0
11,illinois,2020-02-18,0.0,100.0,0.0
12,illinois,2020-03-16,0.0,100.0,0.0
13,illinois,2020-03-17,0.0,0.0,100.0
14,illinois,2020-04-03,0.0,0.0,100.0
15,illinois,2020-04-04,0.0,0.0,0.0
16,illinois,2020-04-10,0.0,0.0,0.0
17,illinois,2020-04-13,0.0,0.0,100.0
18,illinois,2020-04-16,0.0,0.0,100.0
19,illinois,2020-04-17,0.0,0.0,0.0
20,illinois,2020-04-20,0.0,0.0,100.0
21,illinois,2020-05-24,0.0,0.0,100.0
22,illinois,2020-05-25,0.0,0.0,0.0
23,illinois,2020-05-26,0.0,0.0,100.0
24,illinois,2020-06-16,0.0,0.0,100.0
25,illinois,2020-06-17,0.0,0.0,0.0
26,illinois,2020-08-23,0.0,0.0,0.0
27,illinois,2020-08-23,19.224777,18.714575,62.06064
28,illinois,2020-09-06,19.224777,18.714575,62.06064
29,illinois,2020-09-07,0.0,0.0,0.0
30,illinois,2020-09-08,19.224777,18.714575,62.06064
31,illinois,2020-10-11,30.786595,19.5904,49.623005
32,illinois,2020-10-12,0.0,0.0,0.0
33,illinois,2020-10-13,30.786595,19.5904,49.623005
34,illinois,2020-11-02,34.584027,16.356305,49.059668
35,illinois,2020-11-03,0.0,0.0,0.0
36,illinois,2020-11-04,34.584027,16.356305,49.059668
37,illinois,2020-11-10,34.584027,16.356305,49.059668
38,illinois,2020-11-11,0.0,0.0,0.0
39,illinois,2020-11-12,34.584027,16.356305,49.059668
40,illinois,2020-11-24,34.584027,16.356305,49.059668
41,illinois,2020-11-25,0.0,0.0,0.0
42,illinois,2020-11-27,0.0,0.0,0.0
43,illinois,2020-11-30,34.584027,16.356305,49.059668
44,illinois,2020-12-18,17.579812,14.897868,67.522321
45,illinois,2020-12-21,0.0,0.0,0.0
46,illinois,2020-12-21,0.0,0.0,0.0
4,indiana,2020-10-12,7.286385552755234,82.48168361504699,10.231930832197785
5,indiana,2020-10-19,9.219360556458218,81.51495212901666,9.265687314525117
6,indiana,2020-10-26,6.850599240822581,78.59308485531062,14.556315903866798
7,indiana,2020-10-05,10.588487659095087,73.32879019148322,16.0827221494217
8,indiana,2020-11-16,6.092515769085638,51.54487449141635,42.36260973949801
9,indiana,2020-11-02,12.494217095836758,71.83051936093857,15.675263543224682
10,indiana,2020-11-23,6.799205950708775,53.80912732965969,39.39166671963154
11,indiana,2020-11-30,8.816965840122991,56.15665225705884,35.02638190281818
12,indiana,2020-11-09,11.097137198021061,60.47335048180786,28.429512320171074
13,indiana,2020-12-14,3.3511068023913397,62.25669198039533,34.392201217213334
14,indiana,2020-12-21,0.0,0.0,0.0
15,indiana,2020-12-28,7.682639383116671,60.53885881807557,31.778501798807756
16,indiana,2020-12-07,7.913258927160214,54.923222988520784,37.163518084319
38,indiana,2020-07-13,0.0,0.0,0.0
39,indiana,2020-07-20,0.0,0.0,0.0
40,indiana,2020-07-27,7.45887521029722,75.57714903730606,16.96397575239672
41,indiana,2020-07-06,0.0,0.0,0.0
42,indiana,2020-08-10,11.007224726322024,68.7544545545117,20.23832071916627
43,indiana,2020-08-17,10.685192414109652,69.33203069703197,19.982776888858382
44,indiana,2020-08-24,11.98023847073446,69.02057971608163,18.99918181318391
45,indiana,2020-08-03,9.384350647215493,73.22878875894648,17.386860593838026
46,indiana,2020-08-31,7.643757489181846,69.27055502667996,23.08568748413819
47,indiana,2020-09-14,13.016512790253723,73.72910954149457,13.25437766825171
48,indiana,2020-09-21,11.385557280831131,75.63137156524785,12.983071153921014
49,indiana,2020-09-28,9.882266201103976,75.92243996654024,14.195293832355791
50,indiana,2020-09-07,13.407953099416961,72.00750203323126,14.584544867351779
0,indiana,2020-01-01,0.0,0.0,0.0
1,indiana,2020-01-03,0.0,0.0,0.0
2,indiana,2020-01-06,0.0,100.0,0.0
3,indiana,2020-01-17,0.0,100.0,0.0
4,indiana,2020-01-20,0.0,0.0,0.0
5,indiana,2020-01-21,0.0,100.0,0.0
6,indiana,2020-03-19,0.0,100.0,0.0
7,indiana,2020-03-20,0.0,0.0,100.0
8,indiana,2020-03-26,0.0,0.0,100.0
9,indiana,2020-03-27,0.0,0.0,0.0
10,indiana,2020-04-03,0.0,0.0,0.0
11,indiana,2020-04-06,0.0,0.0,100.0
12,indiana,2020-05-22,0.0,0.0,100.0
13,indiana,2020-05-25,0.0,0.0,0.0
14,indiana,2020-08-09,0.0,0.0,0.0
15,indiana,2020-09-06,13.407953,72.007502,14.584545
16,indiana,2020-09-07,0.0,0.0,0.0
17,indiana,2020-09-08,13.407953,72.007502,14.584545
18,indiana,2020-10-13,7.2864,82.4817,10.2319
19,indiana,2020-10-14,0.0,0.0,0.0
20,indiana,2020-10-16,0.0,0.0,0.0
21,indiana,2020-11-23,0.0,0.0,0.0
22,indiana,2020-11-27,0.0,0.0,0.0
23,indiana,2020-11-28,6.7992,53.8091,39.3917
24,indiana,2020-12-21,0.0,0.0,0.0
2,massachusetts,2020-10-01,60.7222384418592,12.171614205762864,27.106147352377935
3,massachusetts,2020-10-15,64.19500011509865,6.273336249165534,29.53166363573583
4,massachusetts,2020-10-30,64.19783023304862,3.9235810741462984,31.878588692805078
5,massachusetts,2020-11-12,63.79146416974665,3.572931035066132,32.63560479518722
6,massachusetts,2020-12-04,62.528968060740496,4.147054049667262,33.323977889592236
0,massachusetts,2020-01-01,0.0,0.0,0.0
1,massachusetts,2020-01-04,0.0,100.0,0.0
2,massachusetts,2020-01-17,0.0,100.0,0.0
3,massachusetts,2020-01-20,0.0,0.0,0.0
4,massachusetts,2020-01-21,0.0,100.0,0.0
5,massachusetts,2020-02-14,0.0,100.0,0.0
6,massachusetts,2020-02-17,0.0,0.0,0.0
7,massachusetts,2020-02-21,0.0,0.0,0.0
8,massachusetts,2020-02-24,0.0,100.0,0.0
9,massachusetts,2020-03-17,0.0,0.0,100.0
10,massachusetts,2020-04-09,0.0,0.0,100.0
11,massachusetts,2020-04-10,0.0,0.0,0.0
12,massachusetts,2020-04-11,0.0,0.0,100.0
13,massachusetts,2020-04-19,0.0,0.0,100.0
14,massachusetts,2020-04-20,0.0,0.0,0.0
15,massachusetts,2020-04-24,0.0,0.0,0.0
16,massachusetts,2020-04-27,0.0,0.0,100.0
17,massachusetts,2020-05-24,0.0,0.0,100.0
18,massachusetts,2020-05-25,0.0,0.0,0.0
19,massachusetts,2020-05-26,0.0,0.0,100.0
20,massachusetts,2020-06-18,0.0,0.0,100.0
21,massachusetts,2020-06-19,0.0,0.0,0.0
22,massachusetts,2020-08-30,0.0,0.0,0.0
23,massachusetts,2020-09-01,0.0,0.0,100.0
24,massachusetts,2020-09-04,0.0,0.0,100.0
25,massachusetts,2020-09-07,0.0,0.0,0.0
26,massachusetts,2020-09-08,0.0,0.0,0.0
27,massachusetts,2020-09-09,0.0,0.0,100.0
28,massachusetts,2020-10-12,0.0,0.0,0.0
29,massachusetts,2020-10-13,60.722238,12.171614,27.106147
30,massachusetts,2020-11-10,64.19783,3.923581,31.878589
31,massachusetts,2020-11-11,0.0,0.0,0.0
32,massachusetts,2020-11-24,63.791464,3.572931,32.635605
33,massachusetts,2020-11-25,0.0,0.0,0.0
34,massachusetts,2020-11-27,0.0,0.0,0.0
35,massachusetts,2020-11-28,63.791464,3.572931,32.635605
36,massachusetts,2020-12-24,0.0,0.0,0.0
37,massachusetts,2020-12-31,0.0,0.0,0.0
0,missouri,2021-01-01,62.38575056738984,10.707569195942508,26.906680236667647
21,missouri,2020-10-01,68.86639643112079,9.811273736342178,21.322329832537026
22,missouri,2020-10-12,72.04110126613233,9.74140531023328,18.217493423634394
23,missouri,2020-10-13,72.20505917273454,9.533779637313,18.261161189952453
24,missouri,2020-10-14,72.70822828809547,9.549500033187503,17.742271678717028
25,missouri,2020-10-15,72.96848817535113,9.549500033187503,17.482011791461378
26,missouri,2020-10-16,72.96848817535113,9.549500033187503,17.482011791461378
27,missouri,2020-10-19,78.18509776339523,9.578961219530088,12.23594101707468
28,missouri,2020-10-02,68.77486879291813,9.811273736342178,21.413857470739686
29,missouri,2020-10-20,78.18509776339523,9.552993454492947,12.26190878211182
30,missouri,2020-10-21,78.18509776339523,9.40929739146231,12.405604845142456
31,missouri,2020-10-22,80.07666895291683,9.379137520858636,10.54419352622453
32,missouri,2020-10-23,80.07666895291683,9.379137520858636,10.54419352622453
33,missouri,2020-10-26,80.40144068694637,9.101177632322067,10.497381680731568
34,missouri,2020-10-27,80.13547487822515,9.101177632322067,10.76334748945278
35,missouri,2020-10-28,80.0028413159951,9.019897363282046,10.977261320722858
36,missouri,2020-10-29,79.57873996951407,8.969708543860486,11.451551486625435
37,missouri,2020-10-30,79.51865312306042,8.965982227801346,11.515364649138231
38,missouri,2020-10-05,69.39739646954844,9.811273736342178,20.79132979410939
39,missouri,2020-10-06,69.49754121363785,9.811273736342178,20.69118505001997
40,missouri,2020-10-07,70.7040524851617,9.851215186601099,19.444732328237208
41,missouri,2020-10-08,70.70300445877005,9.851215186601099,19.44578035462884
42,missouri,2020-10-09,70.59296168764855,9.776106628534032,19.630931683817423
43,missouri,2020-11-10,76.82930095475204,8.146076247413413,15.024622797834544
44,missouri,2020-11-11,77.1239128181779,8.173324933595884,14.702762248226215
45,missouri,2020-11-12,74.86658041797621,8.171927565073705,16.961492016950082
46,missouri,2020-11-13,74.85819620684315,8.078070979334084,17.063732813822767
47,missouri,2020-11-16,67.45458843421363,8.251111781330458,24.294299784455905
48,missouri,2020-11-17,67.50908580657857,8.265900598190175,24.225013595231246
49,missouri,2020-11-18,66.99671620711433,8.143759744754437,24.85952404813122
50,missouri,2020-11-19,66.95861115837018,8.108218338433428,24.933170503196393
51,missouri,2020-11-02,76.90382727593487,9.028630916545659,14.067541807519474
52,missouri,2020-11-20,66.70784031770522,7.468123437052091,25.82403624524269
53,missouri,2020-11-23,60.56174066659364,7.145570608538794,32.29268872486756
54,missouri,2020-11-24,60.53575465475893,7.145570608538794,32.31867473670227
55,missouri,2020-11-25,60.53575465475893,7.145570608538794,32.31867473670227
56,missouri,2020-11-26,60.53575465475893,7.145570608538794,32.31867473670227
57,missouri,2020-11-27,60.53575465475893,7.145570608538794,32.31867473670227
58,missouri,2020-11-03,79.25594784089097,8.973900649427021,11.770151509682018
59,missouri,2020-11-30,58.62135621601921,9.250579616818262,32.12806416716254
60,missouri,2020-11-04,77.03285096948264,8.955385516508162,14.011763514009202
61,missouri,2020-11-05,77.51226481996653,8.93838419948833,13.549350980545135
62,missouri,2020-11-06,77.3054542786842,8.413788766787345,14.280756954528465
63,missouri,2020-11-09,76.94563188422336,8.161214406403674,14.893153709372967
64,missouri,2020-12-01,58.92458518533182,9.990952038818897,31.084462775849282
65,missouri,2020-12-10,61.068847182613936,10.842415258332682,28.088737559053378
66,missouri,2020-12-11,61.147798504117,10.842415258332682,28.009786237550323
67,missouri,2020-12-14,63.194477599600354,10.842415258332682,25.963107142066967
68,missouri,2020-12-15,63.23558352362776,10.691266563183763,26.07314991318848
69,missouri,2020-12-16,63.23558352362776,10.670073140597399,26.094343335774845
70,missouri,2020-12-17,63.147083517223145,10.586463924020416,26.266452558756438
71,missouri,2020-12-18,63.147083517223145,10.527657998712092,26.325258484064758
72,missouri,2020-12-02,58.95055295036896,10.001315855358383,31.048131194272656
73,missouri,2020-12-21,62.38575056738984,10.623959979365525,26.990289453244632
74,missouri,2020-12-22,62.38575056738984,10.707569195942508,26.906680236667647
75,missouri,2020-12-23,62.38575056738984,10.707569195942508,26.906680236667647
76,missouri,2020-12-24,62.38575056738984,10.707569195942508,26.906680236667647
77,missouri,2020-12-25,62.38575056738984,10.707569195942508,26.906680236667647
78,missouri,2020-12-28,62.38575056738984,10.707569195942508,26.906680236667647
79,missouri,2020-12-29,62.38575056738984,10.707569195942508,26.906680236667647
80,missouri,2020-12-03,58.28983053413247,10.567366554217317,31.142802911650207
81,missouri,2020-12-30,62.38575056738984,10.707569195942508,26.906680236667647
82,missouri,2020-12-31,62.38575056738984,10.707569195942508,26.906680236667647
83,missouri,2020-12-04,58.28983053413247,10.567366554217317,31.142802911650207
84,missouri,2020-12-07,61.15059324116135,10.90599552609178,27.943411232746868
85,missouri,2020-12-08,61.14593534608742,10.901803420525248,27.952261233387325
86,missouri,2020-12-09,61.004917572724295,10.906344868222325,28.088737559053378
172,missouri,2020-08-11,0.0,0.0,0.0
173,missouri,2020-08-12,0.0,0.0,0.0
174,missouri,2020-08-13,0.0,0.0,0.0
175,missouri,2020-08-14,0.0,0.0,0.0
176,missouri,2020-08-17,39.413680781758956,27.622149837133552,32.964169381107496
177,missouri,2020-08-18,39.49660337920223,22.156418742379376,38.34697787841839
178,missouri,2020-08-19,42.247900906143485,21.148890182060022,36.60320891179649
179,missouri,2020-08-20,74.6527035691387,9.061765334473177,16.285531096388116
180,missouri,2020-08-21,74.6527035691387,9.061765334473177,16.285531096388116
181,missouri,2020-08-24,62.55138629362153,13.147820817130448,24.30079288924802
182,missouri,2020-08-25,63.265580804834144,14.566525777834919,22.167893417330934
183,missouri,2020-08-26,64.43332115454878,14.966386554621849,20.600292290829376
184,missouri,2020-08-27,66.01401619111734,14.21279754198816,19.773186266894516
185,missouri,2020-08-28,66.01401619111734,14.21279754198816,19.773186266894516
186,missouri,2020-08-31,64.42037859450846,12.23571418032666,23.343907225164877
187,missouri,2020-09-01,64.6777781989637,11.932018650112116,23.390203150924197
188,missouri,2020-09-10,64.95591190774842,10.437640179616427,24.60644791263517
189,missouri,2020-09-11,64.87769109891494,10.437640179616427,24.68466872146864
190,missouri,2020-09-14,63.941953311588726,10.514150102997705,25.543896585413567
191,missouri,2020-09-15,64.04407766108456,10.540932999672783,25.41498933924265
192,missouri,2020-09-16,64.19417832984186,10.353103380816691,25.45271828934145
193,missouri,2020-09-17,64.3272776815793,10.225127713660557,25.447594604760138
194,missouri,2020-09-18,64.25705991333986,10.276015217343208,25.46692486931693
195,missouri,2020-09-02,64.65467022869935,12.089556358417191,23.25577341288346
196,missouri,2020-09-21,65.35935078258458,10.032290857599996,24.60835835981541
197,missouri,2020-09-22,66.45931270429236,10.032290857599996,23.50839643810764
198,missouri,2020-09-23,66.45931270429236,10.032290857599996,23.50839643810764
199,missouri,2020-09-24,66.59788508274168,10.014008619434835,23.388106297823484
200,missouri,2020-09-25,66.35998309184087,10.032290857599996,23.607726050559123
201,missouri,2020-09-28,66.7427456195408,9.853777028891757,23.40347735156744
202,missouri,2020-09-29,66.72784035530424,9.853777028891757,23.418382615804003
203,missouri,2020-09-03,64.14564239341867,11.984380515739332,23.869977090842003
204,missouri,2020-09-30,68.79303458370644,9.809527025689455,21.397438390604094
205,missouri,2020-09-04,64.06472672439716,12.046120478637247,23.88915279696559
206,missouri,2020-09-08,64.85647472453685,10.41898842192141,24.724536853541736
207,missouri,2020-09-09,64.95591190774842,10.41898842192141,24.625099670330183
0,missouri,2020-01-01,0.0,0.0,0.0
1,missouri,2020-01-04,0.0,100.0,0.0
2,missouri,2020-01-17,0.0,100.0,0.0
3,missouri,2020-01-20,0.0,0.0,0.0
4,missouri,2020-01-21,0.0,100.0,0.0
5,missouri,2020-02-14,0.0,100.0,0.0
6,missouri,2020-02-17,0.0,0.0,0.0
7,missouri,2020-02-18,0.0,100.0,0.0
8,missouri,2020-02-18,0.0,100.0,0.0
9,missouri,2020-03-12,0.0,100.0,0.0
10,missouri,2020-03-13,0.0,0.0,0.0
11,missouri,2020-03-20,0.0,0.0,0.0
12,missouri,2020-03-23,0.0,0.0,100.0
13,missouri,2020-04-09,0.0,0.0,100.0
14,missouri,2020-04-10,0.0,0.0,0.0
15,missouri,2020-04-13,0.0,0.0,100.0
16,missouri,2020-05-26,0.0,0.0,100.0
17,missouri,2020-05-27,0.0,0.0,0.0
18,missouri,2020-07-27,0.0,0.0,0.0
19,missouri,2020-08-15,0.0,0.0,0.0
20,missouri,2020-08-30,0.0,0.0,0.0
21,missouri,2020-09-01,0.0,0.0,100.0
22,missouri,2020-09-04,0.0,0.0,100.0
23,missouri,2020-09-07,0.0,0.0,0.0
24,missouri,2020-09-08,0.0,0.0,100.0
25,missouri,2020-10-22,64.195,6.273336,29.531664
26,missouri,2020-10-23,0.0,0.0,0.0
27,missouri,2020-10-24,64.195,6.273336,29.531664
28,missouri,2020-11-02,64.19783,3.923581,31.878589
29,missouri,2020-11-03,0.0,0.0,0.0
30,missouri,2020-11-04,64.19783,3.923581,31.878589
31,missouri,2020-11-24,63.791464,3.572931,32.635605
32,missouri,2020-11-25,0.0,0.0,0.0
33,missouri,2020-11-27,0.0,0.0,0.0
34,missouri,2020-11-30,63.791464,3.572931,32.635605
35,missouri,2020-12-23,0.0,0.0,0.0
36,missouri,2020-12-31,0.0,0.0,0.0
2,new york,2020-10-12,81.47362577401475,10.203260579079307,8.323113646905945
3,new york,2020-11-30,70.62657540532906,10.773846552725292,18.599578041945648
4,new york,2020-11-09,74.51539009245828,10.745066147444094,14.739543760097623
0,new york,2020-01-01,0.0,0.0,0.0
1,new york,2020-01-02,0.0,100.0,0.0
2,new york,2020-02-14,0.0,100.0,0.0
3,new york,2020-02-17,0.0,0.0,0.0
4,new york,2020-02-21,0.0,100.0,0.0
5,new york,2020-03-17,0.0,100.0,0.0
6,new york,2020-03-18,0.0,0.0,100.0
7,new york,2020-04-08,0.0,0.0,100.0
8,new york,2020-04-09,0.0,0.0,0.0
9,new york,2020-04-17,0.0,0.0,0.0
10,new york,2020-04-20,0.0,0.0,100.0
11,new york,2020-05-24,0.0,0.0,100.0
12,new york,2020-05-25,0.0,0.0,0.0
13,new york,2020-05-26,0.0,0.0,100.0
14,new york,2020-06-25,0.0,0.0,100.0
15,new york,2020-06-26,0.0,0.0,0.0
16,new york,2020-08-30,0.0,0.0,0.0
17,new york,2020-09-16,80.0,10.0,10.0
18,new york,2020-09-21,80.0,10.0,10.0
19,new york,2020-09-27,80.0,10.0,10.0
20,new york,2020-09-28,0.0,0.0,0.0
21,new york,2020-09-29,80.0,10.0,10.0
22,new york,2020-10-01,80.0,10.0,10.0
23,new york,2020-10-11,0.0,0.0,0.0
24,new york,2020-10-13,81.473626,10.203261,8.323114
25,new york,2020-11-10,81.473626,10.203261,8.323114
26,new york,2020-11-11,0.0,0.0,0.0
27,new york,2020-11-12,81.473626,10.203261,8.323114
28,new york,2020-11-25,81.473626,10.203261,8.323114
29,new york,2020-11-26,0.0,0.0,0.0
30,new york,2020-11-27,0.0,0.0,0.0
31,new york,2020-11-28,81.473626,10.203261,8.323114
32,new york,2020-12-23,70.626575,10.773847,18.599578
33,new york,2020-12-24,0.0,0.0,0.0
34,new york,2020-12-30,0.0,0.0,0.0
4,ohio,2020-10-01,35.44311300610935,42.262210277446606,22.294676716444048
5,ohio,2020-10-15,38.595321330180994,43.59427728494352,17.81040138487549
6,ohio,2020-10-22,39.406376085301865,45.35366190447323,15.23996201022491
7,ohio,2020-10-29,42.10748950902931,45.10012730616121,12.792383184809477
8,ohio,2020-10-08,34.840597867453404,43.72232438148739,21.4370777510592
9,ohio,2020-11-12,42.59212857248705,43.08532207111632,14.32254935639663
10,ohio,2020-11-19,44.527855800513265,37.26924916307986,18.20289503640687
11,ohio,2020-11-24,31.61602484855111,32.53095556471304,35.853019586735854
12,ohio,2020-11-05,41.67242575491206,45.59837263658469,12.729201608503244
13,ohio,2020-12-10,25.484352219630924,29.77177888126583,44.74386889910325
14,ohio,2020-12-17,26.682268744892447,28.36222975779674,44.95550149731081
15,ohio,2020-12-03,25.584625109807526,29.713047685213223,44.702327204979255
32,ohio,2020-08-20,25.792767322773617,40.66957751540816,33.53765516181822
33,ohio,2020-08-27,26.014052457830477,39.08026042664838,34.90568711552114
34,ohio,2020-08-06,27.94735109429339,43.506459283181115,28.546189622525493
35,ohio,2020-09-10,28.46228975960016,41.05859451303709,30.479115727362743
36,ohio,2020-09-17,30.95432470480463,39.65162567947137,29.394049615723993
37,ohio,2020-09-24,32.7711654912738,40.87558348657223,26.353251022153966
38,ohio,2020-09-03,27.313301136325364,41.063107482773255,31.623591380901384
0,ohio,2020-01-01,0.0,0.0,0.0
1,ohio,2020-01-05,0.0,100.0,0.0
2,ohio,2020-02-14,0.0,100.0,0.0
3,ohio,2020-02-17,0.0,0.0,0.0
4,ohio,2020-02-18,0.0,100.0,0.0
5,ohio,2020-03-17,0.0,0.0,100.0
6,ohio,2020-03-24,0.0,0.0,100.0
7,ohio,2020-03-25,0.0,0.0,0.0
8,ohio,2020-03-26,0.0,0.0,100.0
9,ohio,2020-04-09,0.0,0.0,100.0
10,ohio,2020-04-10,0.0,0.0,0.0
11,ohio,2020-04-17,0.0,0.0,0.0
12,ohio,2020-04-20,0.0,0.0,100.0
13,ohio,2020-05-22,0.0,0.0,100.0
14,ohio,2020-05-25,0.0,0.0,0.0
15,ohio,2020-05-26,0.0,0.0,100.0
16,ohio,2020-05-28,0.0,0.0,100.0
17,ohio,2020-05-28,0.0,0.0,0.0
18,ohio,2020-08-18,25.792767,40.669578,33.537655
19,ohio,2020-09-07,0.0,0.0,0.0
20,ohio,2020-09-08,28.46229,41.058595,30.479116
21,ohio,2020-10-09,0.0,0.0,0.0
22,ohio,2020-10-10,34.840598,43.722324,21.437078
23,ohio,2020-11-02,41.672426,45.598373,12.729202
24,ohio,2020-11-03,0.0,0.0,0.0
25,ohio,2020-11-04,41.672426,45.598373,12.729202
26,ohio,2020-11-25,0.0,0.0,0.0
27,ohio,2020-11-27,0.0,0.0,0.0
28,ohio,2020-11-30,31.616025,32.530956,35.85302
29,ohio,2020-12-22,26.682269,28.36223,44.955501
30,ohio,2020-12-23,0.0,0.0,0.0
31,ohio,2020-12-31,0.0,0.0,0.0
0,utah,2021-01-01,72.70949453769468,22.54578462910469,4.744720833200624
1,utah,2020-10-01,72.65075590972904,23.06892046515025,4.280323625120711
2,utah,2020-10-12,0.0,0.0,0.0
3,utah,2020-10-26,0.0,0.0,0.0
4,utah,2020-10-28,0.0,0.0,0.0
5,utah,2020-10-29,0.0,0.0,0.0
6,utah,2020-11-01,74.89286338294391,20.90649173245231,4.200644884603777
7,utah,2020-12-01,73.53455936667885,22.224154462970912,4.241286170350244
8,utah,2020-12-14,0.0,0.0,0.0
14,utah,2020-08-12,0.0,0.0,0.0
15,utah,2020-08-13,0.0,0.0,0.0
16,utah,2020-08-14,0.0,0.0,0.0
17,utah,2020-08-15,0.0,0.0,0.0
18,utah,2020-08-17,88.13527757602846,10.95778162653407,0.9069407974374731
19,utah,2020-08-18,0.0,0.0,0.0
20,utah,2020-08-19,80.14200788362031,19.857992116379698,0.0
21,utah,2020-08-20,0.0,0.0,0.0
22,utah,2020-08-24,96.29814420444174,1.4420444174018863,2.259811378156374
23,utah,2020-08-25,94.47811994713643,3.98765532364168,1.5342247292218867
24,utah,2020-08-26,0.0,0.0,0.0
25,utah,2020-08-27,0.0,0.0,0.0
26,utah,2020-09-01,72.59943502639926,26.576017754442706,0.8245472191580387
27,utah,2020-09-14,0.0,0.0,0.0
0,utah,2020-01-01,0.0,0.0,0.0
1,utah,2020-01-02,0.0,100.0,0.0
2,utah,2020-01-17,0.0,100.0,0.0
3,utah,2020-01-20,0.0,0.0,0.0
4,utah,2020-01-21,0.0,100.0,0.0
5,utah,2020-02-14,0.0,100.0,0.0
6,utah,2020-02-17,0.0,0.0,0.0
7,utah,2020-02-18,0.0,100.0,0.0
8,utah,2020-03-16,0.0,0.0,100.0
9,utah,2020-03-27,0.0,0.0,100.0
10,utah,2020-03-30,0.0,0.0,0.0
11,utah,2020-04-03,0.0,0.0,0.0
12,utah,2020-04-06,0.0,0.0,100.0
13,utah,2020-05-21,0.0,0.0,100.0
14,utah,2020-05-22,0.0,0.0,0.0
2,washington,2020-10-01,88.28375085557838,2.567118412046544,9.149130732375085
3,washington,2020-11-01,89.66683492132357,2.6845308615194647,7.648634217156969
21,washington,2020-09-01,65.11697840288913,1.723867210361284,33.159154386749584
0,washington,2020-01-01,0.0,0.0,0.0
1,washington,2020-01-04,0.0,100.0,0.0
2,washington,2020-03-17,0.0,0.0,100.0
3,washington,2020-04-05,0.0,0.0,100.0
4,washington,2020-04-06,0.0,0.0,0.0
5,washington,2020-04-10,0.0,0.0,0.0
6,washington,2020-04-11,0.0,0.0,100.0
7,washington,2020-06-17,0.0,0.0,100.0
8,washington,2020-06-18,0.0,0.0,0.0
9,washington,2020-09-01,0.0,0.0,0.0
10,washington,2020-09-02,65.116978,1.723867,33.159154
11,washington,2020-09-04,65.116978,1.723867,33.159154
12,washington,2020-09-07,0.0,0.0,0.0
13,washington,2020-09-08,65.116978,1.723867,33.159154
14,washington,2020-10-08,88.283751,2.567118,9.149131
15,washington,2020-10-09,0.0,0.0,0.0
16,washington,2020-10-10,88.283751,2.567118,9.149131
17,washington,2020-11-10,89.666835,2.684531,7.648634
18,washington,2020-11-11,0.0,0.0,0.0
19,washington,2020-11-12,89.666835,2.684531,7.648634
20,washington,2020-11-25,89.666835,2.684531,7.648634
21,washington,2020-11-26,0.0,0.0,0.0
22,washington,2020-11-27,0.0,0.0,0.0
23,washington,2020-11-30,89.666835,2.684531,7.648634
24,washington,2020-12-20,89.666835,2.684531,7.648634
25,washington,2020-12-21,0.0,0.0,0.0
26,washington,2020-12-31,0.0,0.0,0.0
